countries,PRIM_x,RES_x,LOW_x,MED_x,HIGH_x
Austria,3.95309994328671,5.30880757839259,3.5945253071736,2.76072197415986,1.36639550539159
Finland,13.1681278273659,7.42401516415586,7.18568653899221,5.48105474977958,16.6369053204868
France,1.98835237104624,5.99492824878921,5.98617916604713,7.53113124382466,7.2060514344188
Germany,7.72982951342924,8.9922512192626,5.56477817637265,4.51767609771761,5.62060052416743
Greece,5.94113337667918,3.0170109730401,2.79991947965402,5.97278257441144,7.0307089441543
Italy,4.04305554414532,6.18518973674046,14.2231058130803,8.20815737647623,2.0257836481197
Netherlands,4.06045100220285,8.66491053674353,5.46604076647504,1.68028578185802,12.5855362828595
Portugal,0.961864244845397,1.86870772048355,6.15275096429632,3.8351044570858,5.40953393461577
Spain,2.53624438828873,4.10027311730044,5.41052094352737,6.38994913961764,15.9303022022583
