countries,PRIM_m,RES_m,LOW_m,MED_m,HIGH_m
Austria,4.5436380222552,4.21660107469498,11.0710840557195,13.14026855389,4.00841768400641
Finland,6.31683802489077,2.85062240471347,13.6565633667565,7.87145073688118,18.0907612635546
France,1.16238263246664,1.47826862533832,8.05924716470782,14.5158755950642,5.3929490336683
Germany,2.66259484742573,27.0356546234198,6.00696876653899,5.13481143461586,3.39016265751629
Greece,6.12995784981082,2.0937866816546,3.83160567796156,10.8018878866653,9.87098287781684
Italy,2.5938517958563,0.627754982896604,13.1658648456805,36.9125741130066,0.913181609514568
Netherlands,2.42554300051152,6.77671460673773,6.44676603157002,5.83918880323127,10.9726763316883
Portugal,2.60351294584117,1.64487029893017,8.33436580121521,6.9946518282845,8.73816480223379
Spain,4.54982633313107,2.9818207264292,5.5774909828694,18.9821272461068,17.7436207346005
